"","01118300","01121000","01123000","01125490","01187300","01188000","01193500","01194000","01194500","01195100","01208950","01208990","index","gagecnt"
"2017-01-01",4,4,4,5,3,3,4,4,4,4,4,4,3.91666666666667,12
"2017-01-02",4,4,4,5,2,2,3,4,4,4,3,3,3.5,12
"2017-01-03",4,4,4,5,4,4,3,4,4,4,4,4,4,12
"2017-01-04",5,5,5,NA,5,6,4,5,5,5,5,4,4.90909090909091,11
"2017-01-05",4,4,4,NA,5,4,4,4,4,4,4,4,4.09090909090909,11
"2017-01-06",4,4,4,NA,4,4,4,4,4,4,4,4,4,11
"2017-01-07",4,4,4,5,4,4,3,4,4,4,4,4,4,12
"2017-01-08",4,4,4,5,3,4,3,4,5,4,4,4,4,12
"2017-01-09",4,4,4,4,3,NA,2,4,5,4,4,3,3.72727272727273,11
"2017-01-10",4,4,4,5,3,NA,3,4,6,4,3,3,3.90909090909091,11
"2017-01-11",6,4,4,5,4,NA,4,4,6,4,4,4,4.45454545454545,11
"2017-01-12",6,5,5,5,5,NA,5,5,6,5,5,4,5.09090909090909,11
"2017-01-13",6,5,5,5,6,NA,4,5,5,5,4,4,4.90909090909091,11
"2017-01-14",5,4,5,5,5,4,4,4,4,4,4,4,4.33333333333333,12
"2017-01-15",4,4,4,5,4,4,4,4,4,4,4,4,4.08333333333333,12
"2017-01-16",4,4,4,5,4,4,4,4,4,4,4,4,4.08333333333333,12
"2017-01-17",4,4,4,4,4,4,3,4,4,4,4,4,3.91666666666667,12
"2017-01-18",4,4,4,4,4,5,4,4,4,4,4,4,4.08333333333333,12
"2017-01-19",4,4,4,5,4,4,4,4,4,4,4,4,4.08333333333333,12
"2017-01-20",4,4,4,5,4,4,3,4,4,4,4,4,4,12
"2017-01-21",4,4,4,4,4,4,3,4,4,4,4,4,3.91666666666667,12
"2017-01-22",4,4,4,4,4,4,3,4,4,4,4,4,3.91666666666667,12
"2017-01-23",4,4,4,4,4,4,3,4,4,4,4,4,3.91666666666667,12
"2017-01-24",5,4,5,4,4,4,5,5,5,5,5,5,4.66666666666667,12
"2017-01-25",5,5,5,5,4,4,5,5,5,4,5,5,4.75,12
"2017-01-26",5,4,4,5,4,4,4,4,5,4,4,4,4.25,12
"2017-01-27",5,4,4,5,4,4,4,4,5,4,4,4,4.25,12
"2017-01-28",4,4,4,5,4,4,4,4,4,4,4,4,4.08333333333333,12
"2017-01-29",4,4,4,5,4,4,4,4,4,4,4,4,4.08333333333333,12
"2017-01-30",4,4,4,4,4,4,4,4,4,4,4,4,4,12
"2017-01-31",4,4,4,4,3,4,4,4,4,4,4,4,3.91666666666667,12
"2017-02-01",4,4,4,4,4,4,4,4,4,4,4,4,4,12
"2017-02-02",4,4,4,4,3,4,4,4,4,4,4,4,3.91666666666667,12
"2017-02-03",4,4,4,4,3,3,3,4,4,4,4,4,3.75,12
"2017-02-04",4,3,3,4,3,3,3,4,4,3,4,4,3.5,12
"2017-02-05",4,3,3,4,3,3,3,4,4,3,3,4,3.41666666666667,12
"2017-02-06",4,3,3,4,3,3,3,4,4,4,3,4,3.5,12
"2017-02-07",4,3,3,4,3,4,3,3,4,4,4,4,3.58333333333333,12
"2017-02-08",4,4,4,4,3,4,4,4,4,4,4,4,3.91666666666667,12
"2017-02-09",4,4,4,4,4,4,4,4,4,4,4,4,4,12
"2017-02-10",4,4,4,4,4,4,4,4,4,4,4,4,4,12
"2017-02-11",4,4,4,4,4,4,4,4,4,4,4,4,4,12
"2017-02-12",4,4,4,4,4,4,4,4,4,4,4,4,4,12
"2017-02-13",4,4,4,4,4,4,4,4,4,4,4,4,4,12
"2017-02-14",4,4,3,4,3,4,4,4,4,4,4,4,3.83333333333333,12
"2017-02-15",4,3,3,4,3,4,4,4,4,4,4,4,3.75,12
"2017-02-16",4,3,4,4,3,4,3,4,4,4,4,4,3.75,12
"2017-02-17",4,3,3,4,3,3,3,3,4,4,4,4,3.5,12
"2017-02-18",4,3,3,4,3,4,3,3,4,3,4,4,3.5,12
"2017-02-19",4,4,4,4,4,NA,4,4,4,4,4,4,4,11
"2017-02-20",4,4,4,4,4,4,4,4,4,4,4,5,4.08333333333333,12
"2017-02-21",4,4,4,5,4,4,4,4,4,4,4,4,4.08333333333333,12
"2017-02-22",4,4,4,5,4,4,4,4,4,4,4,4,4.08333333333333,12
"2017-02-23",4,4,4,6,5,5,4,4,4,4,4,4,4.33333333333333,12
"2017-02-24",4,4,4,6,6,5,4,4,4,4,4,4,4.41666666666667,12
"2017-02-25",4,4,4,5,6,5,4,4,4,4,4,4,4.33333333333333,12
"2017-02-26",4,5,4,5,6,5,4,4,4,4,4,4,4.41666666666667,12
"2017-02-27",4,4,4,4,5,4,4,4,4,4,4,4,4.08333333333333,12
"2017-02-28",4,4,4,4,5,4,4,4,4,4,4,4,4.08333333333333,12
"2017-03-01",4,4,4,4,4,4,4,4,4,4,4,4,4,12
"2017-03-02",4,4,4,4,4,4,4,4,4,4,4,4,4,12
"2017-03-03",4,4,3,4,NA,4,3,3,4,4,4,4,3.72727272727273,11
"2017-03-04",3,3,3,4,NA,4,3,3,3,3,3,4,3.27272727272727,11
"2017-03-05",3,3,2,4,NA,3,2,3,3,2,3,3,2.81818181818182,11
"2017-03-06",2,3,2,4,NA,3,2,3,3,2,3,3,2.72727272727273,11
"2017-03-07",3,3,2,3,NA,3,2,3,3,3,3,3,2.81818181818182,11
"2017-03-08",4,4,3,4,NA,3,3,3,4,4,3,3,3.45454545454545,11
"2017-03-09",4,3,4,4,NA,3,3,3,4,3,2,3,3.27272727272727,11
"2017-03-10",3,3,3,4,NA,3,3,2,3,3,2,3,2.90909090909091,11
"2017-03-11",3,3,2,3,NA,3,2,3,3,3,2,3,2.72727272727273,11
"2017-03-12",2,3,2,2,NA,2,2,2,2,2,2,2,2.09090909090909,11
"2017-03-13",2,2,2,2,NA,2,2,2,2,2,2,2,2,11
"2017-03-14",4,2,2,2,NA,NA,3,3,3,3,2,2,2.6,10
"2017-03-15",4,4,3,2,NA,3,4,4,4,4,2,4,3.45454545454545,11
"2017-03-16",4,3,3,2,NA,3,4,3,4,4,2,3,3.18181818181818,11
"2017-03-17",4,3,2,2,2,2,3,3,4,4,2,3,2.83333333333333,12
"2017-03-18",4,3,2,2,NA,2,3,3,3,4,3,3,2.90909090909091,11
"2017-03-19",4,2,2,NA,NA,2,3,3,3,4,3,3,2.9,10
"2017-03-20",4,3,3,NA,1,3,3,3,4,4,4,4,3.27272727272727,11
"2017-03-21",4,3,3,NA,2,3,4,4,4,4,4,4,3.54545454545455,11
"2017-03-22",4,4,4,3,3,3,4,4,4,4,4,4,3.75,12
"2017-03-23",4,3,3,3,2,3,4,4,3,4,4,4,3.41666666666667,12
"2017-03-24",4,3,3,3,2,3,3,4,3,4,4,3,3.25,12
"2017-03-25",4,3,3,3,2,3,4,3,3,4,4,4,3.33333333333333,12
"2017-03-26",3,3,3,3,2,4,4,3,3,4,4,4,3.33333333333333,12
"2017-03-27",4,4,4,3,3,4,4,4,4,4,4,4,3.83333333333333,12
"2017-03-28",4,5,4,4,4,4,5,4,4,4,5,4,4.25,12
"2017-03-29",4,5,4,4,5,NA,5,5,4,5,5,4,4.54545454545455,11
"2017-03-30",4,4,4,4,5,4,4,4,4,4,4,4,4.08333333333333,12
"2017-03-31",4,4,4,4,5,5,4,4,4,4,5,4,4.25,12
"2017-04-01",6,6,6,5,4,5,5,5,5,5,6,5,5.25,12
"2017-04-02",5,5,5,NA,4,4,5,5,4,5,5,5,4.72727272727273,11
"2017-04-03",4,4,4,5,4,4,4,4,4,4,4,4,4.08333333333333,12
"2017-04-04",NA,5,6,4,6,6,6,6,5,6,6,6,5.63636363636364,11
"2017-04-05",6,5,5,5,5,5,5,6,5,5,5,5,5.16666666666667,12
"2017-04-06",6,6,5,5,6,6,5,5,6,6,6,6,5.66666666666667,12
"2017-04-07",6,NA,6,NA,6,6,6,5,6,7,7,6,6.1,10
"2017-04-08",5,5,5,NA,5,5,5,5,5,6,6,6,5.27272727272727,11
"2017-04-09",4,5,4,6,4,4,5,4,4,5,5,5,4.58333333333333,12
"2017-04-10",4,4,4,5,4,4,4,4,4,4,5,5,4.25,12
"2017-04-11",4,4,4,5,4,4,4,4,4,4,5,5,4.25,12
"2017-04-12",4,4,4,4,4,4,4,4,4,4,5,4,4.08333333333333,12
"2017-04-13",4,4,4,4,4,4,4,4,4,4,4,4,4,12
"2017-04-14",4,4,4,4,4,4,4,4,4,4,4,4,4,12
"2017-04-15",4,4,4,4,3,3,4,4,4,4,4,4,3.83333333333333,12
"2017-04-16",4,4,4,4,3,3,4,4,4,4,4,4,3.83333333333333,12
"2017-04-17",4,4,4,4,3,4,4,4,4,4,4,4,3.91666666666667,12
"2017-04-18",4,4,3,4,3,3,4,4,3,4,4,4,3.66666666666667,12
"2017-04-19",4,4,3,4,3,3,4,4,3,4,4,4,3.66666666666667,12
"2017-04-20",4,4,4,4,4,4,4,4,3,4,4,4,3.91666666666667,12
"2017-04-21",4,4,4,4,4,4,4,4,4,4,4,4,4,12
"2017-04-22",4,4,4,4,4,4,4,4,4,4,4,4,4,12
"2017-04-23",4,4,4,4,4,4,4,4,4,4,4,4,4,12
"2017-04-24",4,4,4,4,4,3,4,4,3,4,4,4,3.83333333333333,12
"2017-04-25",4,4,4,4,3,4,4,4,3,4,4,4,3.83333333333333,12
"2017-04-26",NA,4,6,4,5,6,6,6,6,7,6,5,5.54545454545455,11
"2017-04-27",6,4,5,4,4,5,5,6,5,5,4,4,4.75,12
"2017-04-28",5,4,4,4,4,NA,4,5,4,5,4,4,4.27272727272727,11
"2017-04-29",5,4,4,4,4,4,4,4,4,4,4,4,4.08333333333333,12
"2017-04-30",4,4,4,4,4,4,4,4,4,4,4,4,4,12
"2017-05-01",4,3,4,4,4,3,4,4,4,4,4,4,3.83333333333333,12
"2017-05-02",5,4,4,4,4,4,4,4,4,4,4,4,4.08333333333333,12
"2017-05-03",5,4,3,4,3,3,3,4,4,4,3,3,3.58333333333333,12
"2017-05-04",4,3,3,4,3,4,3,4,4,4,3,3,3.5,12
"2017-05-05",6,5,6,4,5,NA,5,7,5,6,6,6,5.54545454545455,11
"2017-05-06",6,6,7,NA,6,6,6,7,NA,7,6,6,6.3,10
"2017-05-07",6,5,6,NA,6,6,6,6,6,5,5,6,5.72727272727273,11
"2017-05-08",5,4,5,6,5,5,5,5,5,4,5,5,4.91666666666667,12
"2017-05-09",5,4,4,5,5,4,4,5,4,4,4,4,4.33333333333333,12
"2017-05-10",5,4,4,4,4,4,4,4,4,4,4,4,4.08333333333333,12
"2017-05-11",5,4,4,4,4,4,4,4,4,4,4,4,4.08333333333333,12
"2017-05-12",4,4,4,4,4,4,NA,4,4,4,4,4,4,11
"2017-05-13",4,4,4,4,4,4,NA,4,4,4,5,5,4.18181818181818,11
"2017-05-14",6,6,6,6,6,6,NA,7,6,6,6,6,6.09090909090909,11
"2017-05-15",6,6,6,NA,6,5,NA,6,6,5,5,6,5.7,10
"2017-05-16",6,5,5,NA,5,4,5,6,5,5,4,5,5,11
"2017-05-17",5,4,5,5,4,4,5,5,4,4,4,5,4.5,12
"2017-05-18",4,4,5,4,4,4,4,5,4,4,4,4,4.16666666666667,12
"2017-05-19",4,4,4,4,4,4,4,4,4,4,4,4,4,12
"2017-05-20",4,4,4,4,4,4,4,4,4,4,4,4,4,12
"2017-05-21",4,4,4,4,4,4,4,4,4,4,4,4,4,12
"2017-05-22",4,4,4,4,4,4,4,4,4,4,4,4,4,12
"2017-05-23",5,4,4,4,4,NA,4,4,4,5,4,4,4.18181818181818,11
"2017-05-24",5,4,4,4,4,4,4,4,4,4,4,4,4.08333333333333,12
"2017-05-25",4,4,4,4,4,4,4,4,4,4,5,4,4.08333333333333,12
"2017-05-26",6,6,6,5,5,6,6,6,5,6,6,6,5.75,12
"2017-05-27",6,5,6,6,4,4,6,5,5,5,5,5,5.16666666666667,12
"2017-05-28",5,4,6,6,4,4,5,5,4,5,5,5,4.83333333333333,12
"2017-05-29",5,4,5,6,4,4,4,5,4,4,4,4,4.41666666666667,12
"2017-05-30",5,4,5,5,4,4,4,5,4,5,4,5,4.5,12
"2017-05-31",5,4,5,5,5,4,4,5,4,5,4,4,4.5,12
"2017-06-01",5,5,4,5,6,4,4,5,5,5,5,5,4.83333333333333,12
"2017-06-02",5,4,4,5,5,4,4,4,5,4,5,4,4.41666666666667,12
"2017-06-03",4,4,4,4,4,4,4,4,4,4,4,4,4,12
"2017-06-04",4,4,4,4,4,4,4,5,4,4,4,4,4.08333333333333,12
"2017-06-05",5,4,5,4,4,4,4,5,4,4,4,4,4.25,12
"2017-06-06",4,5,6,NA,6,5,5,5,5,4,4,4,4.81818181818182,11
"2017-06-07",5,5,6,NA,6,5,5,6,5,4,4,4,5,11
"2017-06-08",4,5,5,5,5,4,5,5,5,4,4,4,4.58333333333333,12
"2017-06-09",4,4,5,5,5,4,4,5,4,4,4,4,4.33333333333333,12
"2017-06-10",4,4,4,5,4,4,4,4,4,4,4,4,4.08333333333333,12
"2017-06-11",4,4,4,5,4,4,4,4,4,4,4,4,4.08333333333333,12
"2017-06-12",4,4,4,5,4,4,4,4,4,4,4,4,4.08333333333333,12
"2017-06-13",4,4,4,5,4,3,4,4,4,4,4,4,4,12
"2017-06-14",4,4,4,4,4,3,4,4,4,4,4,4,3.91666666666667,12
"2017-06-15",4,4,4,4,4,2,3,4,4,3,4,4,3.66666666666667,12
"2017-06-16",6,4,4,4,4,2,4,5,4,4,4,4,4.08333333333333,12
"2017-06-17",6,5,5,4,4,3,4,5,6,4,4,4,4.5,12
"2017-06-18",6,4,5,5,4,3,4,5,5,4,4,4,4.41666666666667,12
"2017-06-19",5,4,5,4,4,NA,4,5,5,4,5,4,4.45454545454545,11
"2017-06-20",6,5,5,5,6,6,5,6,6,5,5,5,5.41666666666667,12
"2017-06-21",6,5,5,4,5,4,5,5,5,5,4,5,4.83333333333333,12
"2017-06-22",5,4,5,4,4,4,4,5,5,4,4,4,4.33333333333333,12
"2017-06-23",5,4,5,4,4,4,4,4,4,4,4,4,4.16666666666667,12
"2017-06-24",6,4,5,4,4,4,4,6,5,5,5,4,4.66666666666667,12
"2017-06-25",6,4,4,4,4,4,4,5,5,5,4,4,4.41666666666667,12
"2017-06-26",6,4,4,4,4,4,4,5,5,4,4,4,4.33333333333333,12
"2017-06-27",6,4,4,4,4,3,4,4,4,4,4,4,4.08333333333333,12
"2017-06-28",5,4,5,4,4,3,4,4,4,4,4,4,4.08333333333333,12
"2017-06-29",5,4,4,4,4,3,4,4,4,4,4,4,4,12
"2017-06-30",5,4,4,4,4,NA,NA,5,4,4,4,4,4.2,10
"2017-07-01",5,5,5,4,4,5,NA,5,4,4,4,4,4.45454545454545,11
"2017-07-02",5,4,4,4,4,4,NA,5,4,4,4,4,4.18181818181818,11
"2017-07-03",5,4,4,4,4,4,NA,4,4,4,4,4,4.09090909090909,11
"2017-07-04",4,4,4,4,4,4,NA,4,4,NA,4,4,4,10
"2017-07-05",4,4,4,4,3,4,NA,4,4,4,4,4,3.90909090909091,11
"2017-07-06",4,4,4,4,4,4,4,4,4,4,4,4,4,12
"2017-07-07",5,5,6,4,4,NA,5,6,5,5,6,5,5.09090909090909,11
"2017-07-08",6,6,6,NA,4,NA,6,6,6,5,6,5,5.6,10
"2017-07-09",6,5,6,NA,4,NA,5,5,5,5,5,4,5,10
"2017-07-10",5,4,6,NA,4,4,4,5,4,4,4,4,4.36363636363636,11
"2017-07-11",5,6,6,NA,4,6,5,6,5,5,6,4,5.27272727272727,11
"2017-07-12",5,6,7,5,3,5,5,6,5,5,5,4,5.08333333333333,12
"2017-07-13",6,6,7,NA,4,4,6,6,5,NA,4,4,5.2,10
"2017-07-14",6,6,6,NA,4,4,6,6,5,NA,5,4,5.2,10
"2017-07-15",6,6,7,NA,4,4,5,5,5,NA,5,4,5.1,10
"2017-07-16",5,6,6,NA,4,4,5,5,4,6,4,4,4.81818181818182,11
"2017-07-17",5,5,6,NA,4,NA,5,5,4,6,4,4,4.8,10
"2017-07-18",5,6,7,NA,4,4,4,5,4,6,4,4,4.81818181818182,11
"2017-07-19",5,6,7,NA,5,4,4,5,4,5,4,4,4.81818181818182,11
"2017-07-20",5,6,6,NA,5,3,4,5,4,5,4,4,4.63636363636364,11
"2017-07-21",4,5,6,NA,4,3,4,4,4,5,4,4,4.27272727272727,11
"2017-07-22",4,5,6,NA,4,3,4,5,4,5,4,4,4.36363636363636,11
"2017-07-23",4,5,6,NA,4,3,4,4,4,5,4,4,4.27272727272727,11
"2017-07-24",5,6,6,NA,4,5,4,4,4,4,4,4,4.54545454545455,11
"2017-07-25",5,6,6,NA,5,5,6,5,4,5,4,4,5,11
"2017-07-26",5,6,6,NA,4,4,5,5,4,4,4,4,4.63636363636364,11
"2017-07-27",4,5,6,NA,4,4,5,5,4,4,4,4,4.45454545454545,11
"2017-07-28",4,5,6,NA,4,4,4,5,4,4,4,4,4.36363636363636,11
"2017-07-29",5,5,5,NA,4,4,4,5,4,4,4,4,4.36363636363636,11
"2017-07-30",4,5,5,NA,4,3,4,4,4,4,4,4,4.09090909090909,11
"2017-07-31",4,5,5,5,4,3,4,5,4,4,NA,4,4.27272727272727,11
"2017-08-01",4,4,5,6,4,3,4,5,4,4,4,4,4.25,12
"2017-08-02",4,6,5,6,4,3,4,5,4,4,4,4,4.41666666666667,12
"2017-08-03",4,6,6,6,4,3,6,5,4,4,4,3,4.58333333333333,12
"2017-08-04",4,6,6,5,4,3,5,5,4,4,4,3,4.41666666666667,12
"2017-08-05",4,NA,7,6,4,4,5,6,4,NA,4,4,4.8,10
"2017-08-06",5,6,7,NA,4,4,6,5,5,NA,4,4,5,10
"2017-08-07",4,6,6,NA,4,4,5,5,4,4,4,4,4.54545454545455,11
"2017-08-08",5,5,5,6,4,4,5,5,4,4,4,4,4.58333333333333,12
"2017-08-09",4,5,5,6,4,3,4,4,4,4,4,4,4.25,12
"2017-08-10",4,4,4,5,4,3,4,4,4,4,4,4,4,12
"2017-08-11",4,4,4,5,4,3,4,4,4,4,4,4,4,12
"2017-08-12",4,5,5,4,4,4,4,4,4,4,4,4,4.16666666666667,12
"2017-08-13",4,4,5,4,4,4,4,4,4,4,4,4,4.08333333333333,12
"2017-08-14",4,4,5,4,4,3,4,4,4,4,4,4,4,12
"2017-08-15",4,4,4,4,4,3,4,4,4,4,NA,4,3.90909090909091,11
"2017-08-16",4,4,5,4,4,3,4,4,4,4,4,4,4,12
"2017-08-17",4,4,5,5,4,3,4,4,4,4,4,3,4,12
"2017-08-18",4,4,4,5,4,4,4,4,4,4,5,3,4.08333333333333,12
"2017-08-19",4,4,5,5,4,5,4,4,4,4,5,3,4.25,12
"2017-08-20",4,4,5,5,4,4,4,4,4,4,4,3,4.08333333333333,12
"2017-08-21",4,4,5,5,3,3,4,4,4,4,NA,3,3.90909090909091,11
"2017-08-22",4,4,5,5,3,3,4,4,4,4,4,3,3.91666666666667,12
"2017-08-23",4,4,4,5,4,4,4,4,4,4,4,3,4,12
"2017-08-24",4,4,4,5,4,3,4,4,4,4,4,3,3.91666666666667,12
"2017-08-25",4,4,4,5,4,3,4,4,4,4,4,3,3.91666666666667,12
"2017-08-26",4,4,4,5,3,3,4,4,4,4,4,3,3.83333333333333,12
"2017-08-27",3,4,4,4,3,3,3,4,4,4,4,3,3.58333333333333,12
"2017-08-28",4,4,4,4,3,2,4,4,4,4,4,3,3.66666666666667,12
"2017-08-29",4,4,4,4,3,3,4,4,4,4,4,3,3.75,12
"2017-08-30",4,4,4,4,3,3,4,4,4,4,4,3,3.75,12
"2017-08-31",4,4,4,4,3,2,4,4,4,4,4,3,3.66666666666667,12
"2017-09-01",4,4,4,4,2,2,4,4,4,4,4,3,3.58333333333333,12
"2017-09-02",4,4,4,4,2,2,3,4,4,4,4,3,3.5,12
"2017-09-03",4,4,4,4,4,5,4,4,4,4,4,4,4.08333333333333,12
"2017-09-04",4,4,4,4,5,4,4,4,4,4,4,4,4.08333333333333,12
"2017-09-05",4,4,4,4,4,4,4,4,4,4,4,4,4,12
"2017-09-06",4,4,4,4,4,5,4,4,4,4,4,4,4.08333333333333,12
"2017-09-07",6,6,6,5,5,5,6,6,5,5,5,4,5.33333333333333,12
"2017-09-08",5,5,5,5,4,5,5,5,5,5,4,4,4.75,12
"2017-09-09",4,5,5,5,4,4,5,5,4,4,4,4,4.41666666666667,12
"2017-09-10",4,4,5,5,4,4,4,5,4,4,4,4,4.25,12
"2017-09-11",4,4,5,5,4,NA,4,5,4,4,4,4,4.27272727272727,11
"2017-09-12",4,4,4,5,4,NA,4,5,4,4,4,4,4.18181818181818,11
"2017-09-13",4,4,4,4,4,NA,4,4,4,4,4,4,4,11
"2017-09-14",4,4,4,4,3,3,4,4,4,4,4,4,3.83333333333333,12
"2017-09-15",4,4,4,4,3,3,4,4,4,4,4,4,3.83333333333333,12
"2017-09-16",3,4,4,4,3,3,4,5,4,4,4,4,3.83333333333333,12
"2017-09-17",3,4,4,4,3,3,4,4,4,4,4,3,3.66666666666667,12
"2017-09-18",3,4,4,4,3,3,4,4,4,4,4,3,3.66666666666667,12
"2017-09-19",3,4,4,4,3,3,4,4,4,4,4,3,3.66666666666667,12
"2017-09-20",4,4,4,4,2,3,4,4,4,4,4,4,3.75,12
"2017-09-21",4,4,4,4,2,2,4,4,4,4,4,3,3.58333333333333,12
"2017-09-22",3,4,4,4,2,2,3,4,4,4,3,3,3.33333333333333,12
"2017-09-23",3,4,4,4,2,2,3,4,4,4,3,3,3.33333333333333,12
"2017-09-24",3,3,4,4,3,2,3,4,3,4,3,3,3.25,12
"2017-09-25",3,3,4,4,3,2,3,4,3,4,3,3,3.25,12
"2017-09-26",3,3,4,4,3,2,3,4,3,3,3,3,3.16666666666667,12
"2017-09-27",3,3,4,4,2,2,3,4,3,3,3,3,3.08333333333333,12
"2017-09-28",3,3,4,4,2,2,3,4,3,3,3,3,3.08333333333333,12
"2017-09-29",3,3,4,4,2,2,3,4,3,2,3,2,2.91666666666667,12
"2017-09-30",3,3,4,4,2,2,3,4,3,2,3,2,2.91666666666667,12
"2017-10-01",3,2,4,4,2,2,3,4,3,2,3,2,2.83333333333333,12
"2017-10-02",3,2,4,4,2,2,2,4,3,2,2,2,2.66666666666667,12
"2017-10-03",3,2,4,3,2,2,2,4,2,2,2,2,2.5,12
"2017-10-04",3,2,4,3,2,2,2,4,2,1,3,2,2.5,12
"2017-10-05",3,2,4,3,2,NA,2,4,2,2,3,2,2.63636363636364,11
"2017-10-06",3,2,4,3,2,2,2,4,2,1,3,2,2.5,12
"2017-10-07",3,2,4,3,2,2,2,4,2,NA,3,2,2.63636363636364,11
"2017-10-08",3,4,4,3,2,3,3,4,2,2,3,2,2.91666666666667,12
"2017-10-09",4,4,4,4,3,4,4,4,3,NA,3,2,3.54545454545455,11
"2017-10-10",4,4,4,4,4,4,4,5,4,2,4,2,3.75,12
"2017-10-11",3,4,4,4,3,2,4,4,4,2,3,2,3.25,12
"2017-10-12",3,4,4,NA,3,NA,4,5,3,NA,3,2,3.44444444444444,9
"2017-10-13",3,4,4,4,2,2,3,5,3,2,3,2,3.08333333333333,12
"2017-10-14",3,4,4,4,2,2,3,5,3,2,3,2,3.08333333333333,12
"2017-10-15",3,4,4,4,2,2,3,4,3,2,3,2,3,12
"2017-10-16",3,3,4,4,2,2,3,4,3,2,3,2,2.91666666666667,12
"2017-10-17",3,3,3,4,2,2,3,4,3,NA,3,2,2.90909090909091,11
"2017-10-18",2,3,3,4,2,2,3,4,3,NA,3,2,2.81818181818182,11
"2017-10-19",2,3,3,4,2,2,2,4,2,NA,3,2,2.63636363636364,11
"2017-10-20",2,3,3,4,2,2,2,4,2,1,3,NA,2.54545454545455,11
"2017-10-21",2,3,3,4,2,NA,2,4,2,NA,3,NA,2.77777777777778,9
"2017-10-22",2,3,3,4,NA,NA,2,4,2,NA,3,NA,2.875,8
"2017-10-23",1,3,3,4,NA,NA,2,4,2,NA,3,NA,2.75,8
"2017-10-24",3,4,4,4,3,4,3,4,3,2,5,2,3.41666666666667,12
"2017-10-25",4,5,5,6,4,5,5,5,5,4,5,2,4.58333333333333,12
"2017-10-26",6,6,6,NA,4,4,6,5,5,4,4,2,4.72727272727273,11
"2017-10-27",5,6,6,NA,3,4,6,5,6,4,4,2,4.63636363636364,11
"2017-10-28",4,5,5,6,3,3,4,5,4,2,3,2,3.83333333333333,12
"2017-10-29",5,5,5,5,6,6,6,5,5,4,6,5,5.25,12
"2017-10-30",NA,NA,7,NA,NA,NA,NA,NA,NA,NA,NA,NA,7,1
"2017-10-31",NA,6,6,NA,NA,6,6,6,6,6,6,6,6,9
"2017-11-01",6,5,6,NA,6,4,5,6,5,5,5,5,5.27272727272727,11
"2017-11-02",5,5,6,5,5,4,5,5,5,4,5,4,4.83333333333333,12
"2017-11-03",4,4,5,5,4,4,4,4,4,4,4,4,4.16666666666667,12
"2017-11-04",4,4,5,4,4,4,4,4,4,4,4,4,4.08333333333333,12
"2017-11-05",4,4,4,4,4,4,4,4,4,4,4,4,4,12
"2017-11-06",4,4,4,4,4,4,4,4,4,4,4,4,4,12
"2017-11-07",4,4,4,4,4,4,4,4,4,4,4,4,4,12
"2017-11-08",4,4,4,4,4,4,4,4,4,5,5,4,4.16666666666667,12
"2017-11-09",4,4,4,4,4,4,4,4,4,4,4,4,4,12
"2017-11-10",4,4,4,4,4,4,4,4,4,4,4,4,4,12
"2017-11-11",4,4,4,4,4,4,4,4,4,4,4,4,4,12
"2017-11-12",4,4,4,4,4,4,4,4,4,4,4,3,3.91666666666667,12
"2017-11-13",4,4,4,4,4,4,4,4,4,4,4,3,3.91666666666667,12
"2017-11-14",4,4,4,4,4,4,4,4,4,4,4,3,3.91666666666667,12
"2017-11-15",4,4,4,4,4,4,4,4,4,4,4,3,3.91666666666667,12
"2017-11-16",4,4,4,4,4,4,4,4,4,4,4,3,3.91666666666667,12
"2017-11-17",4,4,5,4,4,4,4,4,4,4,4,3,4,12
"2017-11-18",4,4,4,4,4,4,4,4,4,4,4,3,3.91666666666667,12
"2017-11-19",4,4,5,4,4,4,4,5,4,4,4,3,4.08333333333333,12
"2017-11-20",4,4,5,5,4,4,4,4,4,4,4,3,4.08333333333333,12
"2017-11-21",4,4,4,5,4,4,4,4,4,4,4,3,4,12
"2017-11-22",5,4,5,4,4,4,4,5,4,5,4,3,4.25,12
"2017-11-23",5,4,5,5,4,4,5,4,5,4,4,3,4.33333333333333,12
"2017-11-24",4,4,4,5,4,4,4,4,4,4,4,3,4,12
"2017-11-25",4,4,4,4,4,4,4,4,4,4,4,3,3.91666666666667,12
"2017-11-26",4,4,4,4,4,4,4,4,4,4,4,3,3.91666666666667,12
"2017-11-27",4,4,4,4,3,3,4,4,4,4,4,2,3.66666666666667,12
"2017-11-28",4,4,4,4,3,3,4,4,4,4,3,2,3.58333333333333,12
"2017-11-29",4,4,4,4,3,3,4,4,4,4,3,2,3.58333333333333,12
"2017-11-30",4,3,4,4,3,3,4,4,4,4,3,2,3.5,12
"2017-12-01",4,4,4,4,3,3,4,4,4,4,3,2,3.58333333333333,12
"2017-12-02",4,4,4,4,3,3,4,4,4,3,3,3,3.58333333333333,12
"2017-12-03",4,4,4,4,3,3,4,4,4,4,3,3,3.66666666666667,12
"2017-12-04",4,4,4,4,3,3,4,4,4,4,3,2,3.58333333333333,12
"2017-12-05",4,4,4,4,3,3,4,4,3,4,3,3,3.58333333333333,12
"2017-12-06",5,5,5,5,4,4,4,4,4,4,4,3,4.25,12
"2017-12-07",4,4,4,4,4,4,4,4,4,4,4,3,3.91666666666667,12
"2017-12-08",4,4,4,4,4,4,4,4,4,4,3,3,3.83333333333333,12
"2017-12-09",4,4,4,4,4,3,4,4,4,4,3,3,3.75,12
"2017-12-10",4,4,4,4,4,3,4,4,4,4,4,3,3.83333333333333,12
"2017-12-11",4,4,4,4,4,4,4,4,4,4,4,3,3.91666666666667,12
"2017-12-12",4,4,4,4,4,4,4,4,4,4,4,3,3.91666666666667,12
"2017-12-13",4,NA,4,4,NA,4,4,4,4,4,4,3,3.9,10
"2017-12-14",4,NA,NA,4,NA,4,NA,NA,NA,4,NA,3,3.8,5
"2017-12-15",4,NA,NA,4,NA,3,NA,NA,NA,4,NA,NA,3.75,4
"2017-12-16",4,NA,NA,4,NA,3,NA,NA,NA,4,NA,NA,3.75,4
"2017-12-17",4,NA,NA,4,NA,3,NA,NA,NA,3,3,2,3.16666666666667,6
"2017-12-18",4,NA,NA,4,3,3,4,4,4,3,3,2,3.4,10
"2017-12-19",4,NA,4,4,3,3,4,4,4,4,4,2,3.63636363636364,11
"2017-12-20",4,NA,4,4,4,4,4,4,4,4,4,3,3.90909090909091,11
"2017-12-21",4,NA,4,4,3,3,4,4,4,4,3,3,3.63636363636364,11
"2017-12-22",4,NA,4,4,3,3,4,4,4,3,3,3,3.54545454545455,11
"2017-12-23",4,NA,4,4,4,4,4,4,4,4,4,3,3.90909090909091,11
"2017-12-24",4,NA,4,4,4,4,4,4,4,4,4,3,3.90909090909091,11
"2017-12-25",4,NA,4,4,NA,4,4,4,4,4,4,3,3.9,10
"2017-12-26",NA,NA,NA,4,NA,NA,NA,4,NA,4,NA,NA,4,3
"2017-12-27",NA,NA,NA,4,NA,NA,NA,NA,NA,4,NA,NA,4,2
"2017-12-28",NA,NA,NA,4,NA,NA,NA,NA,NA,4,NA,NA,4,2
"2017-12-29",NA,NA,NA,4,NA,NA,NA,NA,NA,3,NA,NA,3.5,2
"2017-12-30",NA,NA,NA,3,NA,NA,NA,NA,NA,2,NA,NA,2.5,2
"2017-12-31",NA,4,NA,3,NA,NA,NA,NA,NA,3,NA,NA,3.33333333333333,3
"2018-01-01",NA,3,NA,3,NA,NA,NA,NA,NA,2,NA,NA,2.66666666666667,3
